join_day,first_id,last_id
2024-10-01,36776050,36779650
2024-10-02,36780850,36784450
2024-10-03,36786850,36789250
2024-10-04,36790450,36795250
2024-10-05,36796450,36801250
2024-10-06,36802450,36806050
2024-10-07,36807250,36810850
2024-10-08,36812050,36814450
2024-10-09,36815650,36819250
2024-10-10,36820450,36824050
2024-10-11,36825250,36828850
2024-10-12,36830050,36834850
2024-10-13,36836050,36840850
2024-10-14,36842050,36845650
2024-10-15,36846850,36850450
2024-10-16,36851650,36855250
2024-10-17,36856450,36860050
2024-10-18,36861250,36866050
2024-10-19,36867250,36872050
2024-10-20,36873250,36878050
2024-10-21,36879250,36881650
2024-10-22,36882850,36886450
2024-10-23,36887650,36891250
2024-10-24,36892450,36896050
2024-10-25,36897250,36900850
2024-10-26,36902050,36906850
2024-10-27,36908050,36912850
2024-10-28,36914050,36916450
2024-10-29,36917650,36921250
2024-10-30,36922450,36924850
2024-10-31,36926050,36929650
2024-11-01,36930850,36934450
2024-11-02,36936850,36939250
2024-11-03,36940450,36944050
2024-11-04,36945250,36948850
2024-11-05,36950050,36952450
2024-11-06,36954850,36957250
2024-11-07,36958450,36960850
2024-11-08,36962050,36965650
2024-11-09,36966850,36971650
2024-11-10,36972850,36976450
2024-11-11,36977650,36981250
2024-11-12,36982450,36984850
2024-11-13,36986050,36988450
2024-11-14,36989650,36993250
2024-11-15,36994450,36998050
2024-11-16,36999250,37004050
2024-11-17,37005250,37008850
2024-11-18,37010050,37013650
2024-11-19,37014850,37017250
2024-11-20,37018450,37020850
2024-11-21,37022050,37025650
2024-11-22,37026850,37030450
2024-11-23,37031650,37036450
2024-11-24,37037650,37041250
2024-11-25,37042450,37046050
2024-11-26,37047250,37049650
2024-11-27,37050850,37054450
2024-11-28,37055650,37058050
2024-11-29,37059250,37062850
2024-11-30,37064050,37068850
2024-12-01,37070050,37073650
2024-12-02,37074850,37078450
2024-12-03,37079650,37082050
2024-12-04,37083250,37085650
2024-12-05,37086850,37090450
2024-12-06,37091650,37095250
2024-12-07,37096450,37100050
2024-12-08,37101250,37104850
2024-12-09,37106050,37108450
2024-12-10,37109650,37113250
2024-12-11,37114450,37116850
2024-12-12,37118050,37121650
2024-12-13,37124050,37126450
2024-12-14,37127650,37132450
2024-12-15,37133650,37137250
2024-12-16,37138450,37142050
2024-12-17,37143250,37145650
2024-12-18,37146850,37150450
2024-12-19,37151650,37155250
2024-12-20,37156450,37160050
2024-12-21,37161250,37166050
2024-12-22,37167250,37170850
2024-12-23,37172050,37175650
2024-12-24,37176850,37180450
2024-12-25,37181650,37185250
2024-12-26,37186450,37191250
2024-12-27,37192450,37196050
2024-12-28,37197250,37202050
2024-12-29,37203250,37206850
2024-12-30,37208050,37212850
2024-12-31,37214050,37217650
2025-01-01,37218850,37222450
2025-01-02,37223650,37227250
2025-01-03,37228450,37232050
2025-01-04,37233250,37238050
2025-01-05,37239250,37242850
2025-01-06,37244050,37248850
2025-01-07,37250050,37253650
2025-01-08,37254850,37258450
2025-01-09,37259650,37264450
2025-01-10,37265650,37271650
2025-01-11,37272850,37277650
2025-01-12,37278850,37283650
2025-01-13,37284850,37288450
2025-01-14,37289650,37293250
2025-01-15,37294450,37299250
2025-01-16,37300450,37304050
2025-01-17,37305250,37308850
2025-01-18,37311250,37317250
2025-01-19,37318450,37324450
2025-01-20,37325650,37329250
2025-01-21,37330450,37334050
2025-01-22,37335250,37340050
2025-01-23,37341250,37346050
2025-01-24,37347250,37352050
2025-01-25,37353250,37358050
2025-01-26,37359250,37364050
2025-01-27,37365250,37370050
2025-01-28,37371250,37374850
2025-01-29,37376050,37382050
2025-01-30,37383250,37386850
2025-01-31,37388050,37392850
2025-02-01,37394050,37400050
2025-02-02,37401250,37406050
2025-02-03,37407250,37410850
2025-02-04,37412050,37415650
2025-02-05,37416850,37420450
2025-02-06,37421650,37426450
2025-02-07,37427650,37432450
2025-02-08,37433650,37439650
2025-02-09,37440850,37445650
2025-02-10,37446850,37451650
2025-02-11,37452850,37456450
2025-02-12,37457650,37462450
2025-02-13,37463650,37467250
2025-02-14,37468450,37473250
2025-02-15,37474450,37480450
2025-02-16,37481650,37486450
2025-02-17,37487650,37491250
2025-02-18,37492450,37496050
2025-02-19,37497250,37500850
2025-02-20,37502050,37505650
2025-02-21,37506850,37511650
2025-02-22,37512850,37517650
2025-02-23,37518850,37522450
2025-02-24,37523650,37527250
2025-02-25,37528450,37532050
2025-02-26,37533250,37535650
2025-02-27,37536850,37540450
2025-02-28,37541650,37545250
2025-03-01,37546450,37551250
2025-03-02,37552450,37556050
2025-03-03,37557250,37560850
2025-03-04,37562050,37565650
2025-03-05,37566850,37569250
2025-03-06,37570450,37574050
2025-03-07,37575250,37578850
2025-03-08,37580050,37584850
2025-03-09,37586050,37589650
2025-03-10,37590850,37594450
2025-03-11,37595650,37598050
2025-03-12,37599250,37602850
2025-03-13,37604050,37606450
2025-03-14,37607650,37611250
2025-03-15,37612450,37616050
2025-03-16,37618450,37622050
2025-03-17,37623250,37626850
2025-03-18,37628050,37630450
2025-03-19,37631650,37634050
2025-03-20,37635250,37638850
2025-03-21,37640050,37643650
2025-03-22,37644850,37648450
2025-03-23,37649650,37654450
2025-03-24,37655650,37658050
2025-03-25,37659250,37661650
2025-03-26,37664050,37666450
2025-03-27,37667650,37671250
2025-03-28,37672450,37676050
2025-03-29,37677250,37682050
2025-03-30,37683250,37688050
2025-03-31,37689250,37691650
2025-04-01,37692850,37696450
2025-04-02,37697650,37700050
2025-04-03,37701250,37704850
2025-04-04,37706050,37709650
2025-04-05,37710850,37715650
2025-04-06,37716850,37720450
2025-04-07,37721650,37725250
2025-04-08,37726450,37728850
2025-04-09,37730050,37733650
2025-04-10,37734850,37737250
2025-04-11,37738450,37742050
2025-04-12,37743250,37748050
2025-04-13,37749250,37752850
2025-04-14,37754050,37756450
2025-04-15,37757650,37761250
2025-04-16,37762450,37766050
2025-04-17,37767250,37769650
2025-04-18,37770850,37774450
2025-04-19,37775650,37780450
2025-04-20,37781650,37785250
2025-04-21,37786450,37788850
2025-04-22,37790050,37793650
2025-04-23,37794850,37797250
2025-04-24,37798450,37800850
2025-04-25,37802050,37805650
2025-04-26,37806850,37811650
2025-04-27,37812850,37816450
2025-04-28,37817650,37821250
2025-04-29,37822450,37826050
2025-04-30,37827250,37828450
2025-05-01,37830850,37834450
2025-05-02,37835650,37839250
2025-05-03,37840450,37844050
2025-05-04,37845250,37847650
2025-05-05,37850050,37852450
2025-05-06,37854850,37856050
2025-05-07,37857250,37860850
2025-05-08,37862050,37864450
2025-05-09,37865650,37869250
2025-05-10,37870450,37874050
2025-05-11,37875250,37878850
2025-05-12,37880050,37882450
2025-05-13,37883650,37887250
2025-05-14,37888450,37890850
2025-05-15,37892050,37894450
2025-05-16,37895650,37899250
2025-05-17,37900450,37904050
2025-05-18,37905250,37910050
2025-05-19,37912450,37912450
2025-05-20,37914850,37917250
2025-05-21,37918450,37920850
2025-05-22,37922050,37925650
2025-05-23,37926850,37929250
2025-05-24,37930450,37934050
2025-05-25,37935250,37938850
2025-05-26,37940050,37943650
2025-05-27,37944850,37948450
2025-05-28,37949650,37952050
2025-05-29,37953250,37956850
2025-05-30,37958050,37961650
2025-05-31,37962850,37967650
2025-06-01,37968850,37972450
2025-06-02,37973650,37976050
2025-06-03,37977250,37980850
2025-06-04,37982050,37985650
2025-06-05,37986850,37989250
2025-06-06,37990450,37994050
2025-06-07,37995250,37998850
2025-06-08,38000050,38004850
2025-06-09,38006050,38008450
2025-06-10,38010850,38013250
2025-06-11,38014450,38018050
2025-06-12,38019250,38021650
2025-06-13,38022850,38026450
2025-06-14,38027650,38031250
2025-06-15,38032450,38036050
2025-06-16,38037250,38040850
2025-06-17,38042050,38045650
2025-06-18,38046850,38049250
2025-06-19,38050450,38054050
2025-06-20,38055250,38058850
2025-06-21,38060050,38063650
2025-06-22,38064850,38068450
2025-06-23,38069650,38070850
2025-06-24,38073250,38076850
2025-06-25,38078050,38081650
2025-06-26,38082850,38085250
2025-06-27,38086450,38090050
2025-06-28,38091250,38094850
2025-06-29,38096050,38098450
2025-06-30,38099650,38103250
2025-07-01,38104450,38108050
2025-07-02,38109250,38111650
2025-07-03,38112850,38116450
2025-07-04,38117650,38121250
2025-07-05,38122450,38126050
2025-07-06,38127250,38129650
2025-07-07,38130850,38134450
2025-07-08,38135650,38139250
2025-07-09,38140450,38142850
2025-07-10,38144050,38147650
2025-07-11,38148850,38152450
2025-07-12,38153650,38157250
2025-07-13,38158450,38160850
2025-07-14,38163250,38166850
2025-07-15,38168050,38171650
2025-07-16,38172850,38176450
2025-07-17,38178850,38181250
2025-07-18,38182450,38186050
2025-07-19,38187250,38190850
2025-07-20,38192050,38195650
2025-07-21,38196850,38200450
2025-07-22,38201650,38205250
2025-07-23,38206450,38210050
2025-07-24,38211250,38214850
2025-07-25,38216050,38219650
2025-07-26,38220850,38225650
2025-07-27,38226850,38230450
2025-07-28,38231650,38235250
2025-07-29,38236450,38240050
2025-07-30,38241250,38243650
2025-07-31,38246050,38250850
2025-08-01,38252050,38255650
2025-08-02,38256850,38260450
2025-08-03,38261650,38265250
2025-08-04,38266450,38270050
2025-08-05,38271250,38274850
2025-08-06,38276050,38279650
2025-08-07,38280850,38284450
2025-08-08,38285650,38289250
2025-08-09,38290450,38294050
2025-08-10,38295250,38300050
2025-08-11,38301250,38303650
2025-08-12,38304850,38308450
2025-08-13,38309650,38313250
2025-08-14,38314450,38318050
2025-08-15,38319250,38322850
2025-08-16,38324050,38327650
2025-08-17,38328850,38332450
2025-08-18,38333650,38337250
2025-08-19,38338450,38342050
2025-08-20,38343250,38346850
2025-08-21,38348050,38351650
2025-08-22,38352850,38356450
2025-08-23,38357650,38361250
2025-08-24,38362450,38366050
2025-08-25,38367250,38370850
2025-08-26,38372050,38375650
2025-08-27,38376850,38380450
2025-08-28,38381650,38385250
2025-08-29,38386450,38390050
2025-08-30,38391250,38394850
2025-08-31,38396050,38399650
2025-09-01,38400850,38404450
2025-09-02,38405650,38409250
2025-09-03,38410450,38412850
2025-09-04,38414050,38417650
2025-09-05,38418850,38421250
2025-09-06,38422450,38427250
2025-09-07,38428450,38432050
2025-09-08,38433250,38436850
2025-09-09,38438050,38440450
2025-09-10,38441650,38445250
2025-09-11,38446450,38450050
2025-09-12,38451250,38453650
2025-09-13,38454850,38459650
2025-09-14,38460850,38464450
2025-09-15,38465650,38469250
2025-09-16,38470450,38472850
2025-09-17,38474050,38476450
2025-09-18,38477650,38481250
2025-09-19,38482450,38484850
2025-09-20,38486050,38490850
2025-09-21,38492050,38495650
2025-09-22,38496850,38499250
2025-09-23,38500450,38502850
2025-09-24,38504050,38507650
2025-09-25,38508850,38511250
2025-09-26,38512450,38516050
2025-09-27,38517250,38520850
2025-09-28,38522050,38525650
2025-09-29,38526850,38529250
2025-09-30,38530450,38532850
